{"width": 1280, "height": 720, "fx": 635.2048950195312, "fy": 635.2048950195312, "ppx": 641.635986328125, "ppy": 358.1512145996094, "coeffs": [0.0, 0.0, 0.0, 0.0, 0.0]}