{"width": 1280, "height": 720, "fx": 896.281005859375, "fy": 896.281005859375, "ppx": 633.0951538085938, "ppy": 361.5043029785156, "coeffs": [0.0, 0.0, 0.0, 0.0, 0.0]}