{"width": 1280, "height": 720, "fx": 906.9931640625, "fy": 906.9931640625, "ppx": 643.6296997070312, "ppy": 350.1724853515625, "coeffs": [0.0, 0.0, 0.0, 0.0, 0.0]}