{"width": 1280, "height": 720, "fx": 893.3927612304688, "fy": 893.3927612304688, "ppx": 635.26806640625, "ppy": 380.0938720703125, "coeffs": [0.0, 0.0, 0.0, 0.0, 0.0]}